R,n_elem,J,Total Thrust,Total Torque,Total Power,CT,CQ,CP
0.7,100,1.366666666666667,110.19240821808327,391.1200445765709,1284.3970648572824,104.34381772562405,264.5434945505641,506.15988624007946
0.7,100,1.5333333333333337,106.08939531973222,390.70772729879894,1143.581856319259,126.45469897191512,332.64956739461115,714.0877380070986
0.7,100,1.7,102.7580368139979,390.3666172847208,1030.565459721326,150.55787809637758,408.5378720751041,972.3201355387475
0.7,100,1.8666666666666665,99.99751361153373,390.0795236554939,937.8604330346221,176.64957230514858,492.2078169036688,1286.3030948415878
0.7,100,2.033333333333333,97.67151130660649,389.83446486243434,860.4457313311,204.72690098812657,583.6590191960289,1661.4826746446956
0.7,100,2.2,95.68414465697305,389.62277831798144,794.828609113646,234.78761525146737,682.8911884803017,2103.30486051933
0.7,100,2.3666666666666667,93.96594543750992,389.438017016959,738.5043943394694,266.82991622325346,789.9040518726374,2617.2154252046726
0.7,100,2.533333333333333,92.46533207857132,389.2753172330152,689.6303440844415,300.85238100526254,904.6974179670694,3208.6601757232065
0.7,100,2.7,91.14316765143974,389.1309212866803,646.8205521687105,336.8538308318367,1027.2711204031414,3883.0848351238737
