R,n_elem,J,Total Thrust,Total azimuthal,Torque,Total Power
0.7,100.0,1.2,2389.584755070148,1937.418901003708,906.7644423380224,536221.5651184673
0.7,100.0,1.2,2395.5376089840665,1942.1671881313437,909.6058891232653,537557.3824130287
